<?xml version="1.0" encoding="UTF-8"?>
<Configuration status="WARN">
	<Appenders>
		<Console name="Console" target="SYSTEM_OUT">
			<PatternLayout
				pattern="%d{HH:mm:ss.SSS} [%t] %-5level %logger{36} - %msg%n" />
		</Console>

		<RollingFile name="File" fileName="logs/${name}.log"
			filePattern="logs/$${date:yyyy}/$${date:MM}/$${date:dd}/${name}_%d{yyyyMMddHH}.log">
			<PatternLayout pattern="%d{HH:mm:ss.SSS} [%t] %-5level %logger{36} - %msg%n" />
			<Policies>
				<TimeBasedTriggeringPolicy modulate="true" interval="1" /> <!-- 일별 로그 파일 생성 -->
				<SizeBasedTriggeringPolicy size="10MB" /> <!-- 10MB 용량이 초과시 DefaultRolloverStrategy 정책만큼 넘버링 -->
			</Policies>
			<DefaultRolloverStrategy max="500" fileIndex="min" /> <!-- 롤링 파일 500개 까지 생성 -->
		</RollingFile>
	</Appenders>

	<Loggers>
		<!-- 기본 레벨은 debug -->
		<Root level="debug" additivity="false">
			<AppenderRef ref="Console" />
			<AppenderRef ref="File" />
		</Root>

		<logger name="org.springframework" level="warn"
			additivity="false">
			<appender-ref ref="Console" />
			<appender-ref ref="File" />
		</logger>

		<logger name="org.apache.http" level="warn" additivity="false">
			<appender-ref ref="Console" />
			<appender-ref ref="File" />
		</logger>

		<logger name="kr.jungang.dive" level="trace" additivity="false">
			<appender-ref ref="Console" />
			<appender-ref ref="File" />
		</logger>
	</Loggers>
</Configuration>